---
layout: nil
---
<?xml version="1.0" encoding="utf-8"?>
<feed xmlns="http://www.w3.org/2005/Atom">

 <title>Alex Rothenberg</title>
 <link href="http://www.alexrothenberg.com/atom.xml" rel="self"/>
 <link href="http://www.alexrothenberg.com/" rel="alternate" type="text/html" />
 <updated>{{ site.time | date_to_xmlschema }}</updated>
 <id>http://www.alexrothenberg.com/</id>
 <author>
   <name>Alex Rothenberg</name>
   <email>alex@alexrothenberg.com</email>
 </author>

 {% for post in site.posts limit:10 %}
 <entry>
   <title>{{ post.title }}</title>
   <link href="http://www.alexrothenberg.com{{ post.url }}?utm_medium=rss"/>
   <published>{{ post.date | date_to_xmlschema }}</published>
   <updated>{{ post.date | date_to_xmlschema }}</updated>
   <id>http://www.alexrothenberg.com{{ post.id }}</id>
   <content type="html">{{ post.content | xml_escape }}</content>
 </entry>
 {% endfor %}

</feed>
